-- Adminer 4.2.5 MySQL dump

SET NAMES utf8;
SET time_zone = '+00:00';
SET foreign_key_checks = 0;
SET sql_mode = 'NO_AUTO_VALUE_ON_ZERO';

SET NAMES utf8mb4;

DROP TABLE IF EXISTS `answers`;
CREATE TABLE `answers` (
  `id` int(10) unsigned NOT NULL AUTO_INCREMENT,
  `answer` text COLLATE utf8mb4_unicode_ci NOT NULL,
  `correct` tinyint(1) NOT NULL DEFAULT '0',
  `question_id` int(10) unsigned NOT NULL,
  PRIMARY KEY (`id`)
) ENGINE=InnoDB DEFAULT CHARSET=utf8mb4 COLLATE=utf8mb4_unicode_ci;

INSERT INTO `answers` (`id`, `answer`, `correct`, `question_id`) VALUES
(1,	'Fugiat cupiditate fugit ut qui.',	0,	12),
(2,	'Mollitia tempore quia sunt vel maxime.',	0,	16),
(3,	'Necessitatibus occaecati et officiis deleniti.',	0,	7),
(4,	'Nemo ut dolores quo blanditiis minus.',	0,	11),
(5,	'Ullam adipisci sapiente velit labore dolor nam.',	0,	25),
(6,	'Error quaerat eos nesciunt quas nobis amet iure voluptate.',	0,	13),
(7,	'Commodi voluptatem et aut corporis autem voluptatem provident voluptatem.',	1,	19),
(8,	'Sit quos velit consequatur et.',	0,	18),
(9,	'Fuga in rem facere mollitia dolorum voluptatibus et.',	0,	8),
(10,	'Illum natus dolores sint similique quisquam commodi mollitia.',	1,	21),
(11,	'Sed enim rerum consequatur.',	1,	25),
(12,	'Quibusdam vel fugit veniam modi expedita.',	0,	22),
(13,	'Et reprehenderit sint molestiae dolore ullam.',	0,	17),
(14,	'Voluptatibus quisquam distinctio ab harum nobis rerum ut.',	0,	6),
(15,	'Hic tempora atque earum esse est enim vero.',	1,	2),
(16,	'Aut optio voluptatem at.',	1,	15),
(17,	'Tempore aperiam quis expedita perspiciatis.',	0,	24),
(18,	'Voluptatem velit eaque corporis qui.',	1,	25),
(19,	'Inventore dolorem id ut aut est officia placeat.',	1,	21),
(20,	'Suscipit in quis maxime soluta vero.',	0,	15),
(21,	'Deleniti velit est laudantium doloremque non sed.',	1,	17),
(22,	'Dolor commodi in accusantium numquam dolor.',	1,	7),
(23,	'Reprehenderit unde veritatis labore.',	1,	25),
(24,	'Et libero sed recusandae.',	0,	15),
(25,	'Nam velit quia quaerat itaque maxime.',	1,	12),
(26,	'Id molestiae qui consectetur eligendi voluptatem.',	0,	18),
(27,	'Aspernatur omnis neque aut.',	0,	2),
(28,	'Ratione aut consequuntur nulla qui facere temporibus omnis.',	1,	14),
(29,	'Voluptatibus illum ex aut sint amet dolorem esse quia.',	0,	27),
(30,	'Veritatis voluptatem id illo sed expedita eos.',	0,	18);

DROP TABLE IF EXISTS `migrations`;
CREATE TABLE `migrations` (
  `id` int(10) unsigned NOT NULL AUTO_INCREMENT,
  `migration` varchar(255) COLLATE utf8mb4_unicode_ci NOT NULL,
  `batch` int(11) NOT NULL,
  PRIMARY KEY (`id`)
) ENGINE=InnoDB DEFAULT CHARSET=utf8mb4 COLLATE=utf8mb4_unicode_ci;

INSERT INTO `migrations` (`id`, `migration`, `batch`) VALUES
(1,	'2014_10_12_000000_create_users_table',	1),
(2,	'2014_10_12_100000_create_password_resets_table',	1),
(3,	'2017_08_16_201907_create_test_table',	1),
(4,	'2017_08_16_202142_create_answer_table',	1),
(5,	'2017_08_16_203119_create_question_table',	1);

DROP TABLE IF EXISTS `password_resets`;
CREATE TABLE `password_resets` (
  `email` varchar(255) COLLATE utf8mb4_unicode_ci NOT NULL,
  `token` varchar(255) COLLATE utf8mb4_unicode_ci NOT NULL,
  `created_at` timestamp NULL DEFAULT NULL,
  KEY `password_resets_email_index` (`email`)
) ENGINE=InnoDB DEFAULT CHARSET=utf8mb4 COLLATE=utf8mb4_unicode_ci;


DROP TABLE IF EXISTS `questions`;
CREATE TABLE `questions` (
  `id` int(10) unsigned NOT NULL AUTO_INCREMENT,
  `question` text COLLATE utf8mb4_unicode_ci NOT NULL,
  `points` int(11) NOT NULL,
  `test_id` int(10) unsigned NOT NULL,
  `created_at` timestamp NULL DEFAULT NULL,
  `updated_at` timestamp NULL DEFAULT NULL,
  PRIMARY KEY (`id`)
) ENGINE=InnoDB DEFAULT CHARSET=utf8mb4 COLLATE=utf8mb4_unicode_ci;

INSERT INTO `questions` (`id`, `question`, `points`, `test_id`, `created_at`, `updated_at`) VALUES
(1,	'Enim amet animi quibusdam ipsum quia.',	1,	15,	'2017-08-22 10:21:39',	'2017-08-22 10:21:39'),
(2,	'Dolor ea distinctio magni occaecati quam.',	5,	26,	'2017-08-22 10:21:39',	'2017-08-22 10:21:39'),
(3,	'Doloremque ut qui sapiente et nam.',	7,	29,	'2017-08-22 10:21:39',	'2017-08-22 10:21:39'),
(4,	'Repellat amet laudantium earum aut.',	5,	20,	'2017-08-22 10:21:39',	'2017-08-22 10:21:39'),
(5,	'Ut sapiente provident eveniet autem aspernatur in illum rerum.',	9,	13,	'2017-08-22 10:21:39',	'2017-08-22 10:21:39'),
(6,	'Ea eaque consequatur maiores praesentium odit delectus sequi vitae.',	10,	16,	'2017-08-22 10:21:39',	'2017-08-22 10:21:39'),
(7,	'Fugiat non unde adipisci est placeat.',	7,	30,	'2017-08-22 10:21:39',	'2017-08-22 10:21:39'),
(8,	'Culpa et quas excepturi saepe illo odio.',	4,	4,	'2017-08-22 10:21:39',	'2017-08-22 10:21:39'),
(9,	'Et ut eligendi nemo voluptatem et ea.',	4,	14,	'2017-08-22 10:21:39',	'2017-08-22 10:21:39'),
(10,	'Illum accusantium earum non dolor praesentium atque iste.',	10,	8,	'2017-08-22 10:21:39',	'2017-08-22 10:21:39'),
(11,	'Ea odit earum eaque qui.',	1,	8,	'2017-08-22 10:21:39',	'2017-08-22 10:21:39'),
(12,	'Laudantium voluptatem possimus optio.',	7,	16,	'2017-08-22 10:21:39',	'2017-08-22 10:21:39'),
(13,	'Voluptas et non corrupti expedita iusto.',	8,	18,	'2017-08-22 10:21:39',	'2017-08-22 10:21:39'),
(14,	'Est deleniti cupiditate quaerat expedita beatae minima.',	4,	17,	'2017-08-22 10:21:39',	'2017-08-22 10:21:39'),
(15,	'Ut corporis quis voluptate.',	6,	2,	'2017-08-22 10:21:39',	'2017-08-22 10:21:39'),
(16,	'Totam a molestiae aspernatur libero laudantium.',	7,	19,	'2017-08-22 10:21:39',	'2017-08-22 10:21:39'),
(17,	'Et perferendis occaecati sint unde sunt dolorum.',	7,	7,	'2017-08-22 10:21:39',	'2017-08-22 10:21:39'),
(18,	'Delectus voluptatibus cupiditate magni rerum quia.',	6,	14,	'2017-08-22 10:21:39',	'2017-08-22 10:21:39'),
(19,	'Non provident vitae cumque atque rem vero.',	10,	6,	'2017-08-22 10:21:39',	'2017-08-22 10:21:39'),
(20,	'Similique consequatur deleniti sint magnam voluptas laudantium et.',	8,	28,	'2017-08-22 10:21:39',	'2017-08-22 10:21:39'),
(21,	'Dolor neque quibusdam fugit dolorem quidem voluptatibus tenetur.',	5,	26,	'2017-08-22 10:21:39',	'2017-08-22 10:21:39'),
(22,	'Occaecati officia ducimus quidem quis.',	10,	8,	'2017-08-22 10:21:39',	'2017-08-22 10:21:39'),
(23,	'Voluptatem consequuntur suscipit ut maiores non sit.',	1,	22,	'2017-08-22 10:21:39',	'2017-08-22 10:21:39'),
(24,	'Reprehenderit in possimus qui consequatur quia perspiciatis.',	6,	10,	'2017-08-22 10:21:39',	'2017-08-22 10:21:39'),
(25,	'Error sequi amet natus eum saepe eligendi corporis.',	9,	4,	'2017-08-22 10:21:39',	'2017-08-22 10:21:39'),
(26,	'Aspernatur voluptate aspernatur nihil culpa est.',	5,	10,	'2017-08-22 10:21:39',	'2017-08-22 10:21:39'),
(27,	'Quae voluptates minima natus nihil.',	7,	29,	'2017-08-22 10:21:39',	'2017-08-22 10:21:39'),
(28,	'Quod quam et voluptas laboriosam minus alias vero.',	4,	2,	'2017-08-22 10:21:39',	'2017-08-22 10:21:39'),
(29,	'Ab quia aspernatur blanditiis quia consequuntur tempora dolorem.',	4,	1,	'2017-08-22 10:21:39',	'2017-08-22 10:21:39'),
(30,	'Sed quibusdam asperiores est odit voluptatem nemo qui.',	4,	12,	'2017-08-22 10:21:39',	'2017-08-22 10:21:39');

DROP TABLE IF EXISTS `tests`;
CREATE TABLE `tests` (
  `id` int(10) unsigned NOT NULL AUTO_INCREMENT,
  `test_name` varchar(255) COLLATE utf8mb4_unicode_ci NOT NULL,
  `intro` varchar(255) COLLATE utf8mb4_unicode_ci NOT NULL,
  `conclusion` text COLLATE utf8mb4_unicode_ci NOT NULL,
  `intro_image` varchar(400) COLLATE utf8mb4_unicode_ci NOT NULL DEFAULT '',
  `user_id` int(10) unsigned NOT NULL,
  `created_at` timestamp NULL DEFAULT NULL,
  `updated_at` timestamp NULL DEFAULT NULL,
  PRIMARY KEY (`id`)
) ENGINE=InnoDB DEFAULT CHARSET=utf8mb4 COLLATE=utf8mb4_unicode_ci;

INSERT INTO `tests` (`id`, `test_name`, `intro`, `conclusion`, `intro_image`, `user_id`, `created_at`, `updated_at`) VALUES
(1,	'quaerat',	'harum',	'Qui aut aliquam ad ducimus.',	'https://lorempixel.com/100/100/?48011',	12,	'2017-08-22 10:21:38',	'2017-08-22 10:21:38'),
(2,	'tempore',	'in',	'Quod sapiente modi dolor blanditiis blanditiis.',	'https://lorempixel.com/100/100/?39044',	22,	'2017-08-22 10:21:38',	'2017-08-22 10:21:38'),
(3,	'iusto',	'eveniet',	'Et odio aspernatur nihil.',	'https://lorempixel.com/100/100/?27183',	22,	'2017-08-22 10:21:38',	'2017-08-22 10:21:38'),
(4,	'dolorum',	'cum',	'Rerum officia necessitatibus repellendus fuga et vero nihil.',	'https://lorempixel.com/100/100/?91351',	15,	'2017-08-22 10:21:38',	'2017-08-22 10:21:38'),
(5,	'ut',	'iste',	'Et natus ipsam alias sit.',	'https://lorempixel.com/100/100/?77253',	16,	'2017-08-22 10:21:38',	'2017-08-22 10:21:38'),
(6,	'eaque',	'quod',	'Est omnis qui tempore est soluta.',	'https://lorempixel.com/100/100/?18665',	27,	'2017-08-22 10:21:38',	'2017-08-22 10:21:38'),
(7,	'neque',	'fuga',	'Eos sequi voluptates rerum est ut.',	'https://lorempixel.com/100/100/?11008',	29,	'2017-08-22 10:21:38',	'2017-08-22 10:21:38'),
(8,	'deleniti',	'consectetur',	'Ea a doloremque inventore quas incidunt ipsa aspernatur.',	'https://lorempixel.com/100/100/?16724',	23,	'2017-08-22 10:21:38',	'2017-08-22 10:21:38'),
(9,	'tempora',	'numquam',	'Quaerat ea maxime maiores nihil et rerum.',	'https://lorempixel.com/100/100/?68219',	17,	'2017-08-22 10:21:38',	'2017-08-22 10:21:38'),
(10,	'praesentium',	'labore',	'Id quo beatae et iure aliquid quidem cumque non.',	'https://lorempixel.com/100/100/?27518',	11,	'2017-08-22 10:21:38',	'2017-08-22 10:21:38'),
(11,	'quasi',	'sunt',	'Explicabo nihil recusandae magnam.',	'https://lorempixel.com/100/100/?13997',	3,	'2017-08-22 10:21:38',	'2017-08-22 10:21:38'),
(12,	'aut',	'quia',	'Ut officiis molestiae voluptatum sint dicta non dolor.',	'https://lorempixel.com/100/100/?62286',	17,	'2017-08-22 10:21:38',	'2017-08-22 10:21:38'),
(13,	'eligendi',	'libero',	'Impedit autem laudantium molestiae esse.',	'https://lorempixel.com/100/100/?75811',	1,	'2017-08-22 10:21:38',	'2017-08-22 10:21:38'),
(14,	'vitae',	'aut',	'Illo non velit non explicabo.',	'https://lorempixel.com/100/100/?80883',	30,	'2017-08-22 10:21:39',	'2017-08-22 10:21:39'),
(15,	'nihil',	'molestiae',	'Sunt et est sed.',	'https://lorempixel.com/100/100/?87919',	2,	'2017-08-22 10:21:39',	'2017-08-22 10:21:39'),
(16,	'temporibus',	'quia',	'Harum qui non sit.',	'https://lorempixel.com/100/100/?48724',	12,	'2017-08-22 10:21:39',	'2017-08-22 10:21:39'),
(17,	'a',	'nostrum',	'Ut qui illo explicabo.',	'https://lorempixel.com/100/100/?29312',	17,	'2017-08-22 10:21:39',	'2017-08-22 10:21:39'),
(18,	'rerum',	'voluptatum',	'Dicta illo deleniti voluptatem reprehenderit et.',	'https://lorempixel.com/100/100/?46944',	19,	'2017-08-22 10:21:39',	'2017-08-22 10:21:39'),
(19,	'quisquam',	'accusamus',	'Aliquid eos deleniti rerum non architecto aut amet.',	'https://lorempixel.com/100/100/?96139',	15,	'2017-08-22 10:21:39',	'2017-08-22 10:21:39'),
(20,	'beatae',	'labore',	'Voluptatem voluptatem ipsum repellat dolorem rerum.',	'https://lorempixel.com/100/100/?31313',	25,	'2017-08-22 10:21:39',	'2017-08-22 10:21:39'),
(21,	'aliquam',	'vitae',	'Saepe minima doloribus porro qui quia ipsum dolor asperiores.',	'https://lorempixel.com/100/100/?83208',	15,	'2017-08-22 10:21:39',	'2017-08-22 10:21:39'),
(22,	'delectus',	'vel',	'Consequatur ducimus aspernatur ad excepturi repudiandae.',	'https://lorempixel.com/100/100/?32341',	30,	'2017-08-22 10:21:39',	'2017-08-22 10:21:39'),
(23,	'unde',	'quia',	'Ut atque iure debitis blanditiis nobis.',	'https://lorempixel.com/100/100/?53591',	29,	'2017-08-22 10:21:39',	'2017-08-22 10:21:39'),
(24,	'accusantium',	'sunt',	'Vel repellat doloribus provident voluptas deserunt.',	'https://lorempixel.com/100/100/?30627',	8,	'2017-08-22 10:21:39',	'2017-08-22 10:21:39'),
(25,	'assumenda',	'qui',	'Ad accusantium aut provident illo.',	'https://lorempixel.com/100/100/?53319',	25,	'2017-08-22 10:21:39',	'2017-08-22 10:21:39'),
(26,	'et',	'ipsa',	'Aut unde sit est.',	'https://lorempixel.com/100/100/?83607',	16,	'2017-08-22 10:21:39',	'2017-08-22 10:21:39'),
(27,	'molestias',	'omnis',	'Delectus ipsa ullam delectus qui officiis molestiae sint illum.',	'https://lorempixel.com/100/100/?91589',	3,	'2017-08-22 10:21:39',	'2017-08-22 10:21:39'),
(28,	'ratione',	'quaerat',	'Et ad corporis odio.',	'https://lorempixel.com/100/100/?14158',	17,	'2017-08-22 10:21:39',	'2017-08-22 10:21:39'),
(29,	'et',	'cumque',	'In earum sit recusandae autem molestias veritatis cumque.',	'https://lorempixel.com/100/100/?72436',	27,	'2017-08-22 10:21:39',	'2017-08-22 10:21:39'),
(30,	'et',	'natus',	'Nesciunt beatae ipsa sed reiciendis quasi.',	'https://lorempixel.com/100/100/?90578',	24,	'2017-08-22 10:21:39',	'2017-08-22 10:21:39');

DROP TABLE IF EXISTS `users`;
CREATE TABLE `users` (
  `id` int(10) unsigned NOT NULL AUTO_INCREMENT,
  `name` varchar(255) COLLATE utf8mb4_unicode_ci NOT NULL,
  `email` varchar(255) COLLATE utf8mb4_unicode_ci NOT NULL,
  `password` varchar(255) COLLATE utf8mb4_unicode_ci NOT NULL,
  `about` varchar(255) COLLATE utf8mb4_unicode_ci NOT NULL,
  `user_image` varchar(400) COLLATE utf8mb4_unicode_ci NOT NULL DEFAULT '',
  `remember_token` varchar(100) COLLATE utf8mb4_unicode_ci DEFAULT NULL,
  `created_at` timestamp NULL DEFAULT NULL,
  `updated_at` timestamp NULL DEFAULT NULL,
  PRIMARY KEY (`id`),
  UNIQUE KEY `users_email_unique` (`email`)
) ENGINE=InnoDB DEFAULT CHARSET=utf8mb4 COLLATE=utf8mb4_unicode_ci;

INSERT INTO `users` (`id`, `name`, `email`, `password`, `about`, `user_image`, `remember_token`, `created_at`, `updated_at`) VALUES
(1,	'Aric Batz',	'ulises58@example.net',	'$2y$10$ygRQR0duuLONEtWMcng0TOevF2kEE5/G7fBsPkG2/7ixCoXEO0gJy',	'Queen merely remarking that a red-hot poker will burn you if you cut your finger VERY deeply with a whiting. Now you know.\' \'Not the same solemn tone, \'For the Duchess. An invitation from the roof..',	'https://lorempixel.com/100/100/?47685',	'vFrQnxp2ol',	'2017-08-22 10:21:38',	'2017-08-22 10:21:38'),
(2,	'Dr. Adriel Rempel',	'scot46@example.org',	'$2y$10$ygRQR0duuLONEtWMcng0TOevF2kEE5/G7fBsPkG2/7ixCoXEO0gJy',	'Gryphon replied very readily: \'but that\'s because it stays the same size: to be ashamed of yourself for asking such a very interesting dance to watch,\' said Alice, rather doubtfully, as she swam.',	'https://lorempixel.com/100/100/?95391',	'awSi1quxMb',	'2017-08-22 10:21:38',	'2017-08-22 10:21:38'),
(3,	'Macy Turcotte',	'slang@example.net',	'$2y$10$ygRQR0duuLONEtWMcng0TOevF2kEE5/G7fBsPkG2/7ixCoXEO0gJy',	'Alice guessed in a great crowd assembled about them--all sorts of things--I can\'t remember things as I get SOMEWHERE,\' Alice added as an explanation. \'Oh, you\'re sure to do such a long time with one.',	'https://lorempixel.com/100/100/?51293',	'9WgU9wsUl4',	'2017-08-22 10:21:38',	'2017-08-22 10:21:38'),
(4,	'Brian Hills',	'pfeest@example.com',	'$2y$10$ygRQR0duuLONEtWMcng0TOevF2kEE5/G7fBsPkG2/7ixCoXEO0gJy',	'I shall be a person of authority among them, called out, \'First witness!\' The first question of course had to be ashamed of yourself for asking such a wretched height to rest herself, and fanned.',	'https://lorempixel.com/100/100/?31551',	'd1UR1KU6dU',	'2017-08-22 10:21:38',	'2017-08-22 10:21:38'),
(5,	'Keven Tremblay',	'vilma.labadie@example.org',	'$2y$10$ygRQR0duuLONEtWMcng0TOevF2kEE5/G7fBsPkG2/7ixCoXEO0gJy',	'It means much the most interesting, and perhaps as this before, never! And I declare it\'s too bad, that it was a real nose; also its eyes by this time). \'Don\'t grunt,\' said Alice; \'it\'s laid for a.',	'https://lorempixel.com/100/100/?68588',	'Gh3H83v4x1',	'2017-08-22 10:21:38',	'2017-08-22 10:21:38'),
(6,	'Donnell Boyle',	'delphia64@example.com',	'$2y$10$ygRQR0duuLONEtWMcng0TOevF2kEE5/G7fBsPkG2/7ixCoXEO0gJy',	'And in she went. Once more she found this a good thing!\' she said to the Knave. The Knave shook his head mournfully. \'Not I!\' said the Mock Turtle, and to wonder what you\'re talking about,\' said.',	'https://lorempixel.com/100/100/?22202',	'jAioqVp4GX',	'2017-08-22 10:21:38',	'2017-08-22 10:21:38'),
(7,	'Jordan Keebler',	'lang.halle@example.org',	'$2y$10$ygRQR0duuLONEtWMcng0TOevF2kEE5/G7fBsPkG2/7ixCoXEO0gJy',	'Though they were all turning into little cakes as they would call after her: the last few minutes, and she tried to say \'Drink me,\' but the Dodo solemnly presented the thimble, looking as solemn as.',	'https://lorempixel.com/100/100/?32676',	'8KIyINYdaq',	'2017-08-22 10:21:38',	'2017-08-22 10:21:38'),
(8,	'Euna Halvorson DVM',	'ulices06@example.net',	'$2y$10$ygRQR0duuLONEtWMcng0TOevF2kEE5/G7fBsPkG2/7ixCoXEO0gJy',	'Queen furiously, throwing an inkstand at the mushroom for a long argument with the Duchess, \'chop off her knowledge, as there was nothing so VERY wide, but she did not at all a proper way of.',	'https://lorempixel.com/100/100/?67789',	'cbAyBH5nnK',	'2017-08-22 10:21:38',	'2017-08-22 10:21:38'),
(9,	'Dr. Maxime Huels',	'obeahan@example.net',	'$2y$10$ygRQR0duuLONEtWMcng0TOevF2kEE5/G7fBsPkG2/7ixCoXEO0gJy',	'On various pretexts they all moved off, and Alice could see this, as she was saying, and the Gryphon only answered \'Come on!\' cried the Gryphon. \'--you advance twice--\' \'Each with a little wider..',	'https://lorempixel.com/100/100/?91085',	'SR7QSXxzoa',	'2017-08-22 10:21:38',	'2017-08-22 10:21:38'),
(10,	'Dr. Paxton Klein PhD',	'romaguera.alexzander@example.org',	'$2y$10$ygRQR0duuLONEtWMcng0TOevF2kEE5/G7fBsPkG2/7ixCoXEO0gJy',	'It quite makes my forehead ache!\' Alice watched the Queen to play with, and oh! ever so many out-of-the-way things had happened lately, that Alice could see it pop down a jar from one foot to the.',	'https://lorempixel.com/100/100/?15557',	'31MqpZX81i',	'2017-08-22 10:21:38',	'2017-08-22 10:21:38'),
(11,	'Cristobal Emmerich',	'glynch@example.com',	'$2y$10$ygRQR0duuLONEtWMcng0TOevF2kEE5/G7fBsPkG2/7ixCoXEO0gJy',	'March Hare. The Hatter opened his eyes. \'I wasn\'t asleep,\' he said to herself, \'the way all the things I used to it in her French lesson-book. The Mouse did not come the same thing as \"I eat what I.',	'https://lorempixel.com/100/100/?71437',	'C7jwhv0zjE',	'2017-08-22 10:21:38',	'2017-08-22 10:21:38'),
(12,	'Dr. Brook Larson DVM',	'qterry@example.org',	'$2y$10$ygRQR0duuLONEtWMcng0TOevF2kEE5/G7fBsPkG2/7ixCoXEO0gJy',	'She felt very glad that it would make with the glass table and the roof of the sort,\' said the Eaglet. \'I don\'t believe you do lessons?\' said Alice, \'and if it had struck her foot! She was looking.',	'https://lorempixel.com/100/100/?45509',	'otHbOILrLi',	'2017-08-22 10:21:38',	'2017-08-22 10:21:38'),
(13,	'Ms. Antonia Trantow',	'dessie.mante@example.com',	'$2y$10$ygRQR0duuLONEtWMcng0TOevF2kEE5/G7fBsPkG2/7ixCoXEO0gJy',	'King, going up to Alice, and sighing. \'It IS a Caucus-race?\' said Alice; \'I must be what he did with the next thing was to eat some of YOUR business, Two!\' said Seven. \'Yes, it IS his business!\'.',	'https://lorempixel.com/100/100/?43332',	'w9PSiu2GuW',	'2017-08-22 10:21:38',	'2017-08-22 10:21:38'),
(14,	'Miss Aracely Rath III',	'domingo.dickens@example.com',	'$2y$10$ygRQR0duuLONEtWMcng0TOevF2kEE5/G7fBsPkG2/7ixCoXEO0gJy',	'SOMETHING interesting is sure to happen,\' she said to the Knave. The Knave of Hearts, who only bowed and smiled in reply. \'That\'s right!\' shouted the Queen. \'You make me smaller, I can creep under.',	'https://lorempixel.com/100/100/?48810',	'S6wdkfV772',	'2017-08-22 10:21:38',	'2017-08-22 10:21:38'),
(15,	'Wilber Toy',	'fredy.hyatt@example.com',	'$2y$10$ygRQR0duuLONEtWMcng0TOevF2kEE5/G7fBsPkG2/7ixCoXEO0gJy',	'Majesty!\' the soldiers did. After these came the guests, mostly Kings and Queens, and among them Alice recognised the White Rabbit, who was sitting between them, fast asleep, and the Panther.',	'https://lorempixel.com/100/100/?83683',	'19QM6nxwbv',	'2017-08-22 10:21:38',	'2017-08-22 10:21:38'),
(16,	'Dr. Art Ruecker Jr.',	'haley.wellington@example.org',	'$2y$10$ygRQR0duuLONEtWMcng0TOevF2kEE5/G7fBsPkG2/7ixCoXEO0gJy',	'Heads below!\' (a loud crash)--\'Now, who did that?--It was Bill, the Lizard) could not tell whether they were mine before. If I or she should chance to be talking in a deep voice, \'are done with.',	'https://lorempixel.com/100/100/?28813',	'DQxvk6nhsy',	'2017-08-22 10:21:38',	'2017-08-22 10:21:38'),
(17,	'Dr. Fred Robel',	'mhilll@example.org',	'$2y$10$ygRQR0duuLONEtWMcng0TOevF2kEE5/G7fBsPkG2/7ixCoXEO0gJy',	'There\'s no pleasing them!\' Alice was not here before,\' said Alice,) and round goes the clock in a day is very confusing.\' \'It isn\'t,\' said the Mock Turtle persisted. \'How COULD he turn them out.',	'https://lorempixel.com/100/100/?48122',	'i3kGmE3DJl',	'2017-08-22 10:21:38',	'2017-08-22 10:21:38'),
(18,	'Simeon Runte PhD',	'conroy.amie@example.org',	'$2y$10$ygRQR0duuLONEtWMcng0TOevF2kEE5/G7fBsPkG2/7ixCoXEO0gJy',	'The Dormouse again took a great deal to come before that!\' \'Call the next question is, Who in the other. \'I beg pardon, your Majesty,\' he began, \'for bringing these in: but I grow up, I\'ll write.',	'https://lorempixel.com/100/100/?98397',	'IdGJ9iSXmH',	'2017-08-22 10:21:38',	'2017-08-22 10:21:38'),
(19,	'Miss Kellie Block I',	'cormier.gregorio@example.net',	'$2y$10$ygRQR0duuLONEtWMcng0TOevF2kEE5/G7fBsPkG2/7ixCoXEO0gJy',	'Alice felt a violent shake at the end.\' \'If you can\'t think! And oh, my poor little thing was snorting like a snout than a real Turtle.\' These words were followed by a row of lodging houses, and.',	'https://lorempixel.com/100/100/?95002',	'suE4t0KiVL',	'2017-08-22 10:21:38',	'2017-08-22 10:21:38'),
(20,	'Simeon Oberbrunner',	'harrison.kreiger@example.org',	'$2y$10$ygRQR0duuLONEtWMcng0TOevF2kEE5/G7fBsPkG2/7ixCoXEO0gJy',	'Dormouse shook its head to feel a little timidly, \'why you are painting those roses?\' Five and Seven said nothing, but looked at it gloomily: then he dipped it into one of the Lizard\'s slate-pencil.',	'https://lorempixel.com/100/100/?34285',	'l8wsGB9eyg',	'2017-08-22 10:21:38',	'2017-08-22 10:21:38'),
(21,	'Glenna Conn I',	'kristopher.kautzer@example.com',	'$2y$10$ygRQR0duuLONEtWMcng0TOevF2kEE5/G7fBsPkG2/7ixCoXEO0gJy',	'And the muscular strength, which it gave to my right size: the next verse.\' \'But about his toes?\' the Mock Turtle, suddenly dropping his voice; and the March Hare said--\' \'I didn\'t!\' the March Hare.',	'https://lorempixel.com/100/100/?99471',	'g8ueSsZcUR',	'2017-08-22 10:21:38',	'2017-08-22 10:21:38'),
(22,	'Triston Gibson',	'meda66@example.net',	'$2y$10$ygRQR0duuLONEtWMcng0TOevF2kEE5/G7fBsPkG2/7ixCoXEO0gJy',	'I do hope it\'ll make me giddy.\' And then, turning to the other, looking uneasily at the thought that it was quite out of a good many little girls eat eggs quite as much use in knocking,\' said the.',	'https://lorempixel.com/100/100/?87753',	'9uibrA6pHM',	'2017-08-22 10:21:38',	'2017-08-22 10:21:38'),
(23,	'Camila Nienow III',	'kirsten07@example.org',	'$2y$10$ygRQR0duuLONEtWMcng0TOevF2kEE5/G7fBsPkG2/7ixCoXEO0gJy',	'However, everything is to-day! And yesterday things went on in the act of crawling away: besides all this, there was no more of the party were placed along the sea-shore--\' \'Two lines!\' cried the.',	'https://lorempixel.com/100/100/?76221',	'bwlW85ELVG',	'2017-08-22 10:21:38',	'2017-08-22 10:21:38'),
(24,	'Marta Rodriguez',	'bernard27@example.com',	'$2y$10$ygRQR0duuLONEtWMcng0TOevF2kEE5/G7fBsPkG2/7ixCoXEO0gJy',	'White Rabbit, \'but it sounds uncommon nonsense.\' Alice said to herself; \'the March Hare went \'Sh! sh!\' and the sound of a dance is it?\' The Gryphon lifted up both its paws in surprise. \'What! Never.',	'https://lorempixel.com/100/100/?51332',	'9SZy0W6dbF',	'2017-08-22 10:21:38',	'2017-08-22 10:21:38'),
(25,	'Prof. Finn Crooks III',	'franz60@example.com',	'$2y$10$ygRQR0duuLONEtWMcng0TOevF2kEE5/G7fBsPkG2/7ixCoXEO0gJy',	'If I or she should push the matter with it. There was certainly not becoming. \'And that\'s the queerest thing about it.\' \'She\'s in prison,\' the Queen to-day?\' \'I should have croqueted the Queen\'s.',	'https://lorempixel.com/100/100/?14567',	'Y259yBpxr7',	'2017-08-22 10:21:38',	'2017-08-22 10:21:38'),
(26,	'D\'angelo Moore Jr.',	'zbraun@example.com',	'$2y$10$ygRQR0duuLONEtWMcng0TOevF2kEE5/G7fBsPkG2/7ixCoXEO0gJy',	'Caterpillar, and the great wonder is, that I\'m perfectly sure I have to ask any more questions about it, and found quite a conversation of it in large letters. It was opened by another footman in.',	'https://lorempixel.com/100/100/?38024',	'Wx6Xx9uAzZ',	'2017-08-22 10:21:38',	'2017-08-22 10:21:38'),
(27,	'Estella Jenkins',	'cschimmel@example.net',	'$2y$10$ygRQR0duuLONEtWMcng0TOevF2kEE5/G7fBsPkG2/7ixCoXEO0gJy',	'Duchess\'s cook. She carried the pepper-box in her hand, and Alice rather unwillingly took the hookah out of this elegant thimble\'; and, when it grunted again, so violently, that she could do to come.',	'https://lorempixel.com/100/100/?38218',	'8hEilQqoSm',	'2017-08-22 10:21:38',	'2017-08-22 10:21:38'),
(28,	'Pauline Hoeger',	'erich.collins@example.com',	'$2y$10$ygRQR0duuLONEtWMcng0TOevF2kEE5/G7fBsPkG2/7ixCoXEO0gJy',	'Queen\'s argument was, that her flamingo was gone across to the jury. \'Not yet, not yet!\' the Rabbit whispered in reply, \'for fear they should forget them before the officer could get to the voice of.',	'https://lorempixel.com/100/100/?30156',	'KNdc7bXagX',	'2017-08-22 10:21:38',	'2017-08-22 10:21:38'),
(29,	'Electa Roob',	'lockman.joey@example.org',	'$2y$10$ygRQR0duuLONEtWMcng0TOevF2kEE5/G7fBsPkG2/7ixCoXEO0gJy',	'Alice was thoroughly puzzled. \'Does the boots and shoes!\' she repeated in a day did you call it purring, not growling,\' said Alice. \'That\'s the judge,\' she said to Alice, and looking anxiously about.',	'https://lorempixel.com/100/100/?49045',	'Sp34d4rZfC',	'2017-08-22 10:21:38',	'2017-08-22 10:21:38'),
(30,	'Ms. Katheryn Kohler PhD',	'evangeline.casper@example.org',	'$2y$10$ygRQR0duuLONEtWMcng0TOevF2kEE5/G7fBsPkG2/7ixCoXEO0gJy',	'And she squeezed herself up and leave the room, when her eye fell on a summer day: The Knave of Hearts, she made some tarts, All on a three-legged stool in the sea, \'and in that case I can do.',	'https://lorempixel.com/100/100/?50574',	'zL9ebiEPX4',	'2017-08-22 10:21:38',	'2017-08-22 10:21:38');

-- 2017-08-22 10:22:22
